{"_default": {}, "gardienProg": {"1": {"titre": "Programme Adulte", "type": "Adulte"}, "2": {"titre": "Programme de Test", "type": "Adulte"}, "3": {"titre": "Prog", "type": "Enfant"}, "4": {"titre": "bh", "type": "Adulte"}, "5": {"titre": "coucou", "type": "Enfant"}}, "gardienTir": {"1": {"index": 0, "titre": "Tir 1", "programme": "Programme Adulte", "type": "Adulte", "puissance": 1, "lancement": "bouton", "delais": 7, "repetitions": 1, "abscisse": -1, "ordonnee": -1}, "3": {"index": 0, "titre": "tir", "programme": "Programme de Test", "type": "Adulte", "puissance": 1, "lancement": "bouton", "delais": 7, "repetitions": 1, "abscisse": -1, "ordonnee": -1}, "4": {"index": 0, "titre": "dddd", "programme": "Prog", "type": "Enfant", "puissance": 1, "lancement": "bouton", "delais": 7, "repetitions": 1, "abscisse": 3, "ordonnee": 2}, "5": {"index": 1, "titre": "ddddd", "programme": "Prog", "type": "Enfant", "puissance": 1, "lancement": "bouton", "delais": 7, "repetitions": 1, "abscisse": 3, "ordonnee": 2}, "6": {"index": 2, "titre": "d", "programme": "Prog", "type": "Enfant", "puissance": 1, "lancement": "bouton", "delais": 7, "repetitions": 1, "abscisse": 3, "ordonnee": 2}, "7": {"index": 3, "titre": "sdsd", "programme": "Prog", "type": "Enfant", "puissance": 1, "lancement": "bouton", "delais": 7, "repetitions": 1, "abscisse": 3, "ordonnee": 2}, "8": {"index": 4, "titre": "qzdqzdqzd", "programme": "Prog", "type": "Enfant", "puissance": 1, "lancement": "bouton", "delais": 7, "repetitions": 1, "abscisse": 3, "ordonnee": 2}, "9": {"index": 5, "titre": "azdqsq", "programme": "Prog", "type": "Enfant", "puissance": 1, "lancement": "bouton", "delais": 7, "repetitions": 1, "abscisse": 3, "ordonnee": 2}, "10": {"index": 6, "titre": "qsfqsfzerfqzdqsd", "programme": "Prog", "type": "Enfant", "puissance": 1, "lancement": "bouton", "delais": 7, "repetitions": 1, "abscisse": 3, "ordonnee": 2}, "11": {"index": 7, "titre": "qsdqsgzar", "programme": "Prog", "type": "Enfant", "puissance": 1, "lancement": "bouton", "delais": 7, "repetitions": 1, "abscisse": 3, "ordonnee": 2}, "12": {"index": 8, "titre": "qsdqsfqsfq", "programme": "Prog", "type": "Enfant", "puissance": 1, "lancement": "bouton", "delais": 7, "repetitions": 1, "abscisse": 3, "ordonnee": 2}}, "joueurProg": {"1": {"titre": "cj", "type": "Enfant", "abscisseUpTrainer": "10", "ordonneeUpTrainer": "10", "angleUpTrainer": "0"}}, "joueurTir": {"1": {"index": 0, "titre": "test default", "programme": "cj", "type": "Enfant", "puissance": 1, "lancement": "bouton", "delais": 7, "repetitions": 1, "effet": 1, "hauteur": 10, "abscisseUpTrainer": "10", "ordonneeUpTrainer": "10", "abscisseCible": "238", "ordonneeCible": "93", "angleUpTrainer": "0"}}}